kód obce;název obce;voliči v seznamu;vydané obálky;platné hlasy;ANO 2011;Občanská demokratická strana;Svob.a př.dem.-T.Okamura (SPD);Česká pirátská strana;Česká str.sociálně demokrat.;STAROSTOVÉ A NEZÁVISLÍ;Komunistická str.Čech a Moravy;TOP 09;Křesť.demokr.unie-Čs.str.lid.;Strana svobodných občanů;Strana zelených;ROZUMNÍ-stop migraci,diktát.EU;REALISTÉ;SPORTOVCI;Strana Práv Občanů;SPR-Republ.str.Čsl. M.Sládka;Řád národa - Vlastenecká unie;Dělnic.str.sociální spravedl.;Občanská demokratická aliance;Blok proti islam.-Obran.domova;Referendum o Evropské unii;Radostné Česko;CESTA ODPOVĚDNÉ SPOLEČNOSTI;Dobrá volba 2016;Unie H.A.V.E.L.;Česká strana národně sociální
535427;Bakov nad Jizerou;3922;2551;2539;864;285;295;252;204;179;153;113;42;36;27;32;18;4;4;8;3;6;1;2;2;1;3;1;2;2
535443;Bělá pod Bezdězem;3805;2219;2204;802;215;253;218;214;107;153;61;38;33;28;33;9;8;1;3;2;7;4;4;4;1;0;3;3;0
535451;Benátky nad Jizerou;5596;3269;3254;1041;533;306;323;225;176;198;151;77;58;58;24;26;10;9;6;12;6;3;4;1;3;2;1;0;1
535478;Bezno;687;402;401;121;27;37;21;31;14;43;15;69;6;3;4;2;1;2;0;1;0;0;0;4;0;0;0;0;0
565750;Bílá Hlína;85;61;61;13;2;13;7;5;4;8;5;0;0;1;3;0;0;0;0;0;0;0;0;0;0;0;0;0;0
535486;Bítouchov;291;195;195;79;17;17;17;7;10;31;7;4;2;0;3;0;0;0;0;0;0;0;0;0;0;0;0;1;0
535508;Boreč;216;97;97;43;10;8;3;4;9;8;2;2;2;0;1;1;1;0;0;0;0;3;0;0;0;0;0;0;0
535516;Boseň;382;251;250;85;23;36;24;12;36;11;6;3;5;4;3;2;0;0;0;0;0;0;0;0;0;0;0;0;0
570788;Bradlec;891;705;700;211;135;44;104;17;33;38;67;9;8;8;5;8;5;0;1;4;1;0;0;0;1;0;0;0;1
571946;Branžež;204;138;137;39;15;12;16;6;27;5;8;1;0;2;3;0;0;0;1;0;0;0;0;0;0;0;0;2;0
535559;Brodce;836;515;513;201;46;65;38;26;44;43;18;3;9;6;1;1;0;2;1;1;2;0;2;2;0;1;0;1;0
535567;Březina;341;239;236;83;30;25;26;11;29;12;7;4;5;0;3;0;0;0;0;0;1;0;0;0;0;0;0;0;0
535583;Březno;721;472;471;146;60;37;57;36;40;23;26;6;14;4;4;3;2;1;3;2;2;2;1;2;0;0;0;0;0
599514;Březovice;240;143;143;42;19;14;10;18;16;10;2;6;0;1;1;0;0;0;2;0;0;0;1;0;0;0;1;0;0
535605;Bukovno;559;346;338;130;27;28;27;21;36;28;13;3;0;7;4;6;4;3;0;0;0;0;0;0;0;0;0;0;1
570991;Ctiměřice;99;74;74;31;12;4;10;3;3;3;3;0;0;1;0;0;2;1;0;1;0;0;0;0;0;0;0;0;0
535621;Čachovice;696;367;366;106;36;37;25;37;22;49;15;8;6;3;10;3;0;1;2;2;0;0;0;1;2;1;0;0;0
535630;Čistá;608;368;366;117;45;46;32;27;25;30;19;4;5;2;5;1;2;2;0;0;2;0;1;0;1;0;0;0;0
570818;Dalovice;169;120;120;39;18;7;9;9;10;4;8;5;1;1;5;1;1;0;0;1;0;0;0;0;0;1;0;0;0
535656;Dlouhá Lhota;328;239;235;78;37;26;19;12;17;19;11;4;4;5;0;2;1;0;0;0;0;0;0;0;0;0;0;0;0
535672;Dobrovice;2630;1714;1706;673;189;141;172;156;77;111;44;37;13;35;23;4;4;2;8;6;2;3;1;0;3;0;1;1;0
571989;Dobšín;212;148;146;50;14;16;16;9;14;9;3;4;0;1;5;2;0;1;2;0;0;0;0;0;0;0;0;0;0
535702;Dolní Bousov;2052;1289;1283;494;121;106;146;91;97;85;32;30;14;11;27;7;3;3;6;1;0;1;0;0;2;4;0;1;1
535711;Dolní Krupá;194;96;96;20;10;20;3;13;10;9;1;2;3;0;2;1;1;0;0;0;0;0;0;0;0;1;0;0;0
535729;Dolní Slivno;275;163;163;57;21;14;18;8;23;12;1;3;0;0;1;2;0;0;0;2;0;0;0;0;1;0;0;0;0
570940;Dolní Stakory;196;152;152;60;21;14;12;9;9;5;10;7;0;1;2;0;1;0;0;0;0;0;0;0;0;0;1;0;0
535745;Domousnice;213;130;129;38;10;10;14;12;11;17;2;1;5;5;1;2;0;0;0;1;0;0;0;0;0;0;0;0;0
571067;Doubravička;102;70;70;29;6;7;6;1;11;4;3;0;0;0;2;0;0;0;1;0;0;0;0;0;0;0;0;0;0
535818;Horky nad Jizerou;420;268;267;103;32;29;30;24;11;12;4;3;2;4;5;3;1;0;1;1;0;0;0;1;0;0;0;0;1
535834;Horní Bukovina;197;132;132;48;6;10;15;12;19;7;3;4;0;2;4;2;0;0;0;0;0;0;0;0;0;0;0;0;0
599531;Horní Slivno;227;126;126;40;11;15;9;9;20;2;9;4;3;1;0;1;0;1;0;0;0;0;0;0;0;0;1;0;0
535869;Hrdlořezy;517;336;335;92;55;49;19;27;22;32;8;8;6;8;4;0;2;2;0;0;0;0;0;1;0;0;0;0;0
565733;Hrušov;161;102;102;29;3;14;9;11;6;16;2;3;2;0;3;3;0;0;0;0;0;0;0;0;1;0;0;0;0
599522;Husí Lhota;121;95;95;34;10;12;9;5;10;5;3;3;0;1;1;0;0;0;1;0;0;1;0;0;0;0;0;0;0
565784;Charvatce;212;144;143;45;19;18;17;6;6;15;5;4;0;3;1;0;0;0;0;1;0;0;0;0;0;0;0;0;3
535923;Chocnějovice;339;209;207;51;22;19;27;16;21;23;10;6;1;0;3;6;0;0;1;0;0;0;1;0;0;0;0;0;0
535931;Chotětov;801;420;419;150;48;42;41;16;20;38;16;14;6;5;5;4;3;3;0;1;1;1;2;0;2;0;0;1;0
571849;Chudíř;162;111;111;39;10;13;9;13;7;3;2;5;2;2;1;0;1;0;0;0;2;1;0;0;0;0;0;0;1
535966;Jabkenice;353;225;225;96;22;14;23;15;13;19;4;9;2;3;0;2;0;0;0;0;1;1;1;0;0;0;0;0;0
535974;Jivina;362;248;247;65;26;21;22;34;23;24;5;4;3;5;6;1;2;3;1;0;2;0;0;0;0;0;0;0;0
566039;Jizerní Vtelno;277;197;196;74;20;40;17;13;7;4;9;3;2;2;3;0;0;1;0;0;0;0;1;0;0;0;0;0;0
529613;Josefův Důl;331;170;168;44;22;22;12;34;7;12;2;1;2;1;5;0;1;1;0;0;1;0;0;0;0;0;0;0;1
536008;Katusice;630;356;354;145;22;34;39;16;29;41;5;7;1;6;5;1;0;2;0;0;0;0;1;0;0;0;0;0;0
536024;Klášter Hradiště nad Jizerou;706;434;433;134;30;33;67;44;48;31;19;5;4;3;9;1;2;0;1;0;1;0;0;0;0;0;0;1;0
571075;Kluky;66;55;54;16;7;2;6;4;10;3;3;0;0;1;2;0;0;0;0;0;0;0;0;0;0;0;0;0;0
536041;Kněžmost;1595;1034;1029;371;119;93;128;59;97;55;40;15;9;13;5;4;5;1;1;2;2;2;1;2;0;1;1;3;0
571172;Kobylnice;107;87;86;18;14;12;12;2;6;8;8;2;1;1;0;0;0;1;0;1;0;0;0;0;0;0;0;0;0
536067;Kochánky;348;244;243;84;27;26;31;18;13;22;6;0;6;1;1;1;1;0;0;4;0;0;1;0;0;0;0;1;0
570974;Kolomuty;258;179;177;48;36;6;12;15;17;18;12;6;1;2;0;1;0;1;1;0;0;0;0;0;0;0;1;0;0
599557;Koryta;69;53;53;13;14;4;10;6;2;1;0;0;1;1;0;0;0;1;0;0;0;0;0;0;0;0;0;0;0
570826;Kosmonosy;3416;2320;2302;776;305;207;223;131;150;165;136;80;28;36;25;14;5;3;1;3;5;2;3;2;0;0;1;0;1
536121;Kosořice;383;249;249;80;40;23;30;14;14;21;8;5;4;3;0;0;0;0;3;0;2;1;0;0;1;0;0;0;0
566047;Košátky;158;102;102;30;9;24;12;7;4;5;4;5;0;1;0;0;0;0;1;0;0;0;0;0;0;0;0;0;0
571971;Kováň;112;66;66;25;8;13;2;3;4;9;0;0;2;0;0;0;0;0;0;0;0;0;0;0;0;0;0;0;0
572012;Kovanec;108;60;60;20;10;9;4;4;5;3;0;1;0;0;0;0;0;0;1;0;2;0;0;0;0;0;0;0;1
536164;Krásná Ves;153;97;97;44;10;6;4;4;3;12;5;4;2;0;1;1;0;0;0;0;0;0;0;0;0;0;0;1;0
536172;Krnsko;423;293;293;84;51;38;33;7;17;28;11;6;3;4;7;1;0;0;1;0;0;0;1;0;1;0;0;0;0
536181;Kropáčova Vrutice;721;401;401;155;41;50;37;19;31;37;10;2;9;1;4;1;0;0;0;2;0;1;0;0;1;0;0;0;0
536202;Ledce;312;230;230;86;17;21;33;10;16;28;5;5;3;2;4;0;0;0;0;0;0;0;0;0;0;0;0;0;0
536211;Lhotky;106;55;55;26;2;10;2;5;3;1;2;0;0;3;1;0;0;0;0;0;0;0;0;0;0;0;0;0;0
565563;Lipník;242;148;146;29;24;17;18;14;12;21;0;5;0;0;0;1;0;0;0;0;3;0;0;0;0;0;0;0;2
570770;Loukov;150;83;83;22;12;11;7;11;10;5;3;1;1;0;0;0;0;0;0;0;0;0;0;0;0;0;0;0;0
536261;Loukovec;240;161;159;41;40;6;13;15;15;8;11;4;0;0;0;2;1;1;1;0;0;0;1;0;0;0;0;0;0
536270;Luštěnice;1618;883;877;314;86;103;95;49;61;75;32;9;16;8;9;4;3;1;5;3;0;0;1;1;1;1;0;0;0
565644;Mečeříž;400;243;243;102;30;14;15;11;25;21;10;0;6;1;1;1;1;1;0;0;0;1;0;0;0;0;3;0;0
535419;Mladá Boleslav;30989;18511;18379;6324;2236;1906;1796;1373;982;1199;939;435;333;304;163;112;41;44;32;36;17;29;23;13;8;12;11;8;3
536326;Mnichovo Hradiště;6896;4287;4263;1309;467;400;467;256;596;257;219;84;40;54;33;32;2;12;9;4;4;5;3;2;1;4;1;1;1
565822;Mohelnice nad Jizerou;69;51;50;14;11;7;3;2;5;1;4;0;0;1;0;0;0;2;0;0;0;0;0;0;0;0;0;0;0
571865;Mukařov;153;105;105;35;14;6;7;10;11;7;3;6;0;2;1;0;0;1;0;0;2;0;0;0;0;0;0;0;0
536334;Němčice;141;101;101;35;10;10;6;11;6;2;7;9;0;0;1;2;0;0;0;0;1;1;0;0;0;0;0;0;0
571156;Nemyslovice;114;83;83;36;9;3;1;6;7;12;1;0;0;2;2;0;0;0;2;0;0;0;0;0;1;0;0;1;0
536351;Nepřevázka;327;245;245;88;49;10;18;5;30;16;12;5;1;3;1;4;0;0;1;0;0;0;1;1;0;0;0;0;0
571997;Neveklovice;52;40;40;10;4;10;6;6;1;0;0;3;0;0;0;0;0;0;0;0;0;0;0;0;0;0;0;0;0
571121;Niměřice;246;146;141;53;13;17;10;16;6;11;2;3;3;0;2;0;1;1;0;0;1;0;1;0;0;0;0;0;1
536377;Nová Telib;196;144;144;60;10;13;16;8;9;5;8;3;4;3;0;2;0;0;0;0;0;0;1;0;0;0;2;0;0
571806;Nová Ves u Bakova;227;161;161;77;10;17;10;13;8;13;9;2;0;1;0;0;0;0;1;0;0;0;0;0;0;0;0;0;0
570893;Obrubce;166;102;102;41;16;7;4;15;5;4;1;1;1;0;2;3;0;0;0;1;0;0;0;0;1;0;0;0;0
536407;Obruby;213;146;142;53;8;27;6;10;10;11;3;1;4;3;1;0;4;0;0;0;0;0;0;0;1;0;0;0;0
571032;Pěčice;148;100;98;34;8;3;18;9;5;11;1;2;0;0;5;0;1;0;0;0;0;0;0;0;0;0;0;1;0
598241;Pětikozly;60;33;33;4;3;4;4;0;7;3;1;0;1;0;6;0;0;0;0;0;0;0;0;0;0;0;0;0;0
536431;Petkovy;232;162;161;69;14;17;15;6;8;15;7;0;1;1;4;0;2;2;0;0;0;0;0;0;0;0;0;0;0
536440;Písková Lhota;585;428;427;128;58;62;43;42;23;27;7;7;8;8;2;1;0;1;1;1;2;0;3;1;0;2;0;0;0
536458;Plazy;393;230;230;73;30;20;26;19;16;11;9;7;8;1;4;0;1;1;0;0;1;0;0;0;1;0;0;2;0
565580;Plužná;158;95;95;51;8;9;7;3;8;5;1;1;0;0;0;0;1;0;0;1;0;0;0;0;0;0;0;0;0
570753;Prodašice;69;33;33;4;1;7;2;14;0;2;2;0;0;0;0;0;0;0;0;0;0;0;1;0;0;0;0;0;0
536491;Předměřice nad Jizerou;543;322;319;116;49;33;26;9;19;25;11;6;5;5;4;3;1;4;1;0;2;0;0;0;0;0;0;0;0
570923;Přepeře;99;70;70;24;6;10;4;10;7;5;3;0;1;0;0;0;0;0;0;0;0;0;0;0;0;0;0;0;0
571938;Ptýrov;222;151;149;34;13;35;12;7;16;4;7;6;8;1;2;2;1;1;0;0;0;0;0;0;0;0;0;0;0
565652;Rabakov;47;34;34;12;3;1;4;4;1;2;4;1;0;1;1;0;0;0;0;0;0;0;0;0;0;0;0;0;0
565636;Rohatsko;193;135;135;45;26;11;20;6;10;2;6;1;1;0;4;0;0;0;0;0;1;1;0;0;0;0;1;0;0
529605;Rokytá;210;110;110;40;6;17;11;7;3;12;6;1;0;3;2;0;0;0;0;2;0;0;0;0;0;0;0;0;0
571148;Rokytovec;105;61;61;21;3;7;3;3;6;9;1;1;0;1;1;0;1;1;0;0;0;0;0;0;3;0;0;0;0
536580;Řepov;538;347;347;129;55;26;40;31;20;9;21;2;0;4;5;0;1;2;0;0;1;0;0;1;0;0;0;0;0
565661;Řitonice;62;41;40;19;3;5;0;2;4;5;0;2;0;0;0;0;0;0;0;0;0;0;0;0;0;0;0;0;0
529591;Sedlec;194;110;109;30;13;10;8;4;27;4;5;0;4;1;0;2;0;0;0;0;0;0;1;0;0;0;0;0;0
536610;Semčice;547;350;348;115;30;24;44;17;28;19;27;5;4;15;4;7;4;0;0;0;0;2;0;0;0;2;1;0;0
599573;Sezemice;88;74;74;18;9;9;5;2;15;7;0;2;1;1;2;0;0;1;0;1;0;0;0;0;0;0;0;1;0
536636;Skalsko;321;214;214;73;17;30;24;16;22;11;6;3;3;2;3;1;0;1;1;0;1;0;0;0;0;0;0;0;0
557030;Skorkov;476;341;339;102;55;14;46;23;21;17;19;18;6;2;2;5;1;3;0;1;0;2;0;0;2;0;0;0;0
536652;Smilovice;553;316;313;128;33;26;32;18;17;14;13;7;6;6;3;0;4;1;0;2;1;1;0;0;0;0;1;0;0
536661;Sojovice;437;295;291;98;63;28;29;17;8;19;5;10;1;1;3;1;2;0;2;2;0;0;0;0;0;1;1;0;0
565539;Sovínky;244;162;159;58;18;16;12;9;9;8;12;9;1;1;4;0;0;1;1;0;0;0;0;0;0;0;0;0;0
536709;Strašnov;212;152;152;58;15;16;15;12;12;7;8;1;1;4;1;0;0;0;0;1;0;1;0;0;0;0;0;0;0
571881;Strážiště;101;79;79;19;2;3;15;6;15;12;2;0;3;0;1;0;0;0;0;0;1;0;0;0;0;0;0;0;0
536717;Strenice;137;85;85;27;3;9;13;3;9;7;0;1;1;2;4;0;2;0;2;0;2;0;0;0;0;0;0;0;0
565920;Sudoměř;81;56;55;18;3;10;5;8;4;2;4;1;0;0;0;0;0;0;0;0;0;0;0;0;0;0;0;0;0
536768;Sukorady;284;184;183;80;28;18;13;16;8;3;4;7;2;1;1;1;1;0;0;0;0;0;0;0;0;0;0;0;0
570982;Tuřice;237;170;170;62;38;7;24;4;7;8;6;2;2;0;7;0;1;0;0;1;0;0;0;0;0;0;0;1;0
570761;Ujkovice;90;62;62;28;1;11;7;1;1;7;2;1;0;0;0;0;0;0;1;2;0;0;0;0;0;0;0;0;0
536857;Velké Všelisy;294;191;189;66;11;20;7;29;9;30;4;5;1;2;0;2;0;1;1;0;0;0;0;0;0;1;0;0;0
565725;Veselice;111;78;78;34;1;7;7;7;5;9;1;1;1;0;4;0;0;0;0;0;0;1;0;0;0;0;0;0;0
565628;Vinařice;227;165;164;46;21;8;16;18;9;28;3;2;1;7;3;2;0;0;0;0;0;0;0;0;0;0;0;0;0
570842;Vinec;203;129;129;50;13;23;5;6;4;13;5;4;1;0;3;0;0;1;1;0;0;0;0;0;0;0;0;0;0
565571;Vlkava;347;215;214;79;27;30;18;15;10;14;6;5;1;3;1;0;2;0;0;1;2;0;0;0;0;0;0;0;0
572021;Vrátno;137;82;81;26;0;25;1;2;4;14;0;4;0;0;3;1;0;0;0;0;0;0;1;0;0;0;0;0;0
536938;Všejany;539;346;342;108;31;36;20;36;20;43;17;5;5;6;4;0;3;0;2;1;0;0;1;3;0;0;1;0;0
571814;Zdětín;434;278;273;89;33;25;35;16;14;29;10;4;7;5;1;1;0;0;0;1;3;0;0;0;0;0;0;0;0
536971;Žďár;1094;784;777;240;95;77;73;70;85;38;33;16;10;10;5;13;2;3;2;0;2;0;2;0;0;0;1;0;0
536989;Žerčice;324;196;196;80;13;28;24;11;9;16;7;2;2;4;0;0;0;0;0;0;0;0;0;0;0;0;0;0;0
536997;Židněves;268;173;172;56;24;25;12;17;6;18;0;5;1;0;3;0;0;0;5;0;0;0;0;0;0;0;0;0;0
